keyword,avg_monthly_searches,searches_past_months
live selling platforms,390,
live sell,320,
facebook live selling software,260,
live selling app,260,
tiktok live selling,110,
facebook live sell,110,
facebook live seller,90,
instagram live selling,70,
best live selling platforms,70,
amazon live selling,50,
live seller,50,
tiktok live selling requirements,40,
live selling fb,40,
online live selling,40,
live selling on tiktok,30,
shopify live selling,30,
live selling on facebook,30,
facebook live selling rules,30,
live selling tiktok,20,
tiktok live seller,20,
tiktok shop live selling,20,
live selling facebook,20,
facebook live selling app,20,
poshmark live selling,20,
youtube live selling,20,
live selling in tiktok,10,
how to live selling in tiktok,10,
how to live sell on tiktok,10,
how to do live selling in tiktok,10,
how to start live selling in tiktok,10,
how to start live selling on tiktok,10,
how to do live selling on tiktok,10,
how to do tiktok live selling,10,
how to go live selling on tiktok,10,
tiktok live selling tips,10,
how to make live selling in tiktok,10,
how to watch live selling in tiktok,10,
live selling online,10,
online live seller,10,
live selling on shopify,10,
live selling video,10,
how to do live selling on shopee,10,
how to do live selling on facebook,10,
how to share live selling on facebook,10,
best time to do live selling on facebook,10,
facebook to stop live selling,10,
live selling in facebook,10,
live selling in fb,10,
live selling on fb,10,
facebook live sellers,10,
live selling in facebook will be banned,10,
how to do live selling in facebook,10,
how to live selling in facebook,10,
how to live sell on facebook,10,
how to do facebook live selling,10,
how to make live selling in facebook,10,
how to set up live selling on facebook,10,
how to start live selling in facebook,10,
live selling on instagram,10,
live selling instagram,10,
shopee live seller,10,
live selling in shopee,10,
how to be a live seller in shopee,10,
how to do live selling in shopee,10,
how to live sell in shopee,10,
how to start live selling in shopee,10,
how to start live selling on shopee,10,
how to start shopee live selling,10,
live selling on shopee,10,
live selling shopee,10,
shopee live selling,10,
shopee live selling rules,10,
facebook live selling news,10,
paano mag live selling sa facebook,10,
shein live selling,10,
jewelry live selling,10,
live selling jewelry,10,
live selling on youtube,10,
live selling business,10,
live selling china,10,
live selling products,10,
live selling today,10,
automated live selling,10,
live selling examples,10,
best time for live selling,10,
example of live selling,10,
facebook live selling going away,10,
kumu live selling,10,
live seller trending,10,
live selling for a cause,10,
live selling now,10,
live selling studio,10,
live selling trending,10,
trending live selling,10,
live selling for a cause caption,10,
live selling clothes,10,
live selling set up,10,
live selling checkout,10,
live selling rules,10,
live selling strategy,10,
live selling terms,10,
live selling software,10,
